feed_url,label
http://astroblog.cl/feed/podcast/,Astronomía y algo más
http://bowdrenpod.com/feed/podcast/,Breaking Kayfabe with Bowdren and Barry
http://dludwinski.com/public_files/intro_podcast/intro_econ_podcast_feed.xml,Oxford College Principles of Microeconomics Course
https://ad.robotstart.jp/api/v1/feeds/36d30499/get-feeds/podcast,アニメ！アニメ！ アニメ情報
https://anchor.fm/s/100b33ebc/podcast/rss,The Costumes of Hollywood
https://anchor.fm/s/10275c260/podcast/rss,Ahmed Suleiman | Quran Recitation
https://anchor.fm/s/10446201c/podcast/rss,Fashion Sucks
https://anchor.fm/s/10628650c/podcast/rss,"Gear, There and Everywhere"
https://anchor.fm/s/107f9e310/podcast/rss,MXGP The Podcast
https://anchor.fm/s/10945ef5c/podcast/rss,Sam's Table
https://anchor.fm/s/10a494b10/podcast/rss,Chumash with Chayenu
https://anchor.fm/s/10bb2bbf8/podcast/rss,Cognitive Revolution and the Age of AI
https://anchor.fm/s/10c350900/podcast/rss,Off The Court: With Ira
https://anchor.fm/s/10e033cd4/podcast/rss,The Wrestling Queens’ Cypher Podcast
https://anchor.fm/s/10f6947d0/podcast/rss,Strong Now. Strong Later.
https://anchor.fm/s/110d7420c/podcast/rss,The AI War Brief
https://anchor.fm/s/1129eb2a0/podcast/rss,Gutted Horror Podcast
https://anchor.fm/s/114fe9754/podcast/rss,Salty Talks
https://anchor.fm/s/116c86498/podcast/rss,The Engelbert Humperdinck Show
https://anchor.fm/s/1174cae9c/podcast/rss,We Do Science
https://anchor.fm/s/1179a89dc/podcast/rss,H20 Study Lab: Water Treatment Audio Flashcards
https://anchor.fm/s/117a40214/podcast/rss,The Cristina Mariani Podcast
https://anchor.fm/s/11806a0f4/podcast/rss,Frontlines
https://anchor.fm/s/25b23070/podcast/rss,archicaster
https://anchor.fm/s/286e526c/podcast/rss,Hablemos de La Biblia
https://anchor.fm/s/297c30c0/podcast/rss,"""So Look Bro"" Podcast"
https://anchor.fm/s/29c9b48/podcast/rss,The Positive Mindset Podcast
https://anchor.fm/s/2c09e8b4/podcast/rss,Chasing Heroine: Addiction Recovery and Sobriety
https://anchor.fm/s/2e602fb0/podcast/rss,White Sox Nation Podcast
https://anchor.fm/s/31052c48/podcast/rss,Swim Coaches Hot Talk
https://anchor.fm/s/3b410b0/podcast/rss,Melissa Doesn't Know How To Costume
https://anchor.fm/s/3f4d8a5c/podcast/rss,Real Conversations with Jacob Young
https://anchor.fm/s/40575108/podcast/rss,Antisemitism Learning Forum
https://anchor.fm/s/52984854/podcast/rss,Bringing the Human back to Human Resources
https://anchor.fm/s/531d8870/podcast/rss,It's in Our Nature
https://anchor.fm/s/55e35a80/podcast/rss,God Is Good
https://anchor.fm/s/5671ae0c/podcast/rss,The Nerdy By Nature Podcast
https://anchor.fm/s/5dcf68ec/podcast/rss,Magic Mindset with Heather Maio
https://anchor.fm/s/641bef90/podcast/rss,Silent Talkies- A Silent Film Podcast
https://anchor.fm/s/76c45114/podcast/rss,Pandering Hour
https://anchor.fm/s/7ce84050/podcast/rss,La Estrategia del Día Argentina
https://anchor.fm/s/8825d54/podcast/rss,Good Guys Talk Back
https://anchor.fm/s/95930aa4/podcast/rss,Drag Drive Repeat Podcast
https://anchor.fm/s/aecdc7c0/podcast/rss,The Stop Drinking Coach
https://anchor.fm/s/b3f32254/podcast/rss,The Dog Show
https://anchor.fm/s/bb03ede4/podcast/rss,Beyond The Mouse: A Weekly Disney Podcast
https://anchor.fm/s/cd99e10c/podcast/rss,The SnowBrains Podcast
https://anchor.fm/s/d6753d94/podcast/rss,Introduction To Breslov
https://anchor.fm/s/d9a7948/podcast/rss,The Feast Makati Legaspi Podcast
https://anchor.fm/s/da3cd130/podcast/rss,Starting Point
https://anchor.fm/s/dbaffd80/podcast/rss,kikapekiskwewin
https://anchor.fm/s/dc35f98/podcast/rss,Women Veterans ROCK On The Hill - The Podcast!
https://anchor.fm/s/e1564780/podcast/rss,Missed Opportunities for Good
https://anchor.fm/s/e3a46e04/podcast/rss,The Sarah Newgard Podcast
https://anchor.fm/s/e649677c/podcast/rss,Usapang Rotary
https://anchor.fm/s/e9088588/podcast/rss,Get Up Mama
https://anchor.fm/s/efdf1354/podcast/rss,Straight Talk With The Boss: Magnum TA & Greg Gagne
https://anchor.fm/s/f2e5a784/podcast/rss,Preshot Der Golfpodcast
https://anchor.fm/s/f4399758/podcast/rss,The Daily Brew-A Daily Milwaukee Brewers Podcast
https://anchor.fm/s/f43a6020/podcast/rss,Rock and Roll Dungeon Podcast
https://anchor.fm/s/f4711660/podcast/rss,La storia del manga in 10 autori
https://anchor.fm/s/f519c6c0/podcast/rss,Behavior Bridge: Connecting ABA Concepts with Cross River Therapy
https://anchor.fm/s/f58d7214/podcast/rss,AI Update
https://anchor.fm/s/fbfbf648/podcast/rss,COD POD | The Official Call of Duty Podcast
https://anchor.fm/s/fce2ac64/podcast/rss,Fitness Wisdom Podcast
https://anchor.fm/s/fe87e6c4/podcast/rss,Asking Autistics
https://anchor.fm/s/fede0dd8/podcast/rss,Specialness Pod
https://anchor.fm/s/ffd5a890/podcast/rss,Chords and Queens
https://api.riverside.com/hosting/BlHfQ9SD.rss,Girls Talk Tri
https://api.riverside.com/hosting/pqbE8BMU.rss,The Line│Pickleball Prediction Markets and News
https://api.riverside.com/hosting/twlBHrPR.rss,The Lease Break Podcast
https://api.robotstart.jp/api/v1/feeds/36fc0494/get-feeds/podcast,ゆる音楽学ラジオ
https://api.substack.com/feed/podcast/6643709.rss,Reely Old Movies
https://app.kajabi.com/podcasts/2147791188/feed,The David Greene Show
https://buffalo-mackerel-l7lp.squarespace.com/gathering-ground-podcast?format=rss,Gathering Ground
https://businessradiox.com/feed/podcast/great-awareness/?,The Great Awareness
https://etc.usf.edu/clipvideo/galleries/5347-plants.rss,Plants
https://etc.usf.edu/clipvideo/galleries/5447-the-preservation-technology-podcast.rss,The Preservation Technology Podcast
https://feed.firstory.me/rss/user/cksrb0i94jfdu082267iovl6e,好懂秒懂讀書營
https://feed.firstory.me/rss/user/cmi6vw1c000gy01xo8hbua8ru,黃瑽寧醫師的暢所育言
https://feed.podbean.com/MelRobbins/feed.xml,The Mel Robbins’s Podcast
https://feed.podbean.com/betweentheear/feed.xml,Between the Ears Podcast
https://feed.podbean.com/buildinghopepod/feed.xml,Building Hope
https://feed.podbean.com/champrugbypod/feed.xml,Championship Clubs Podcast
https://feed.podbean.com/denisedt/feed.xml,Chill & Prosper with Denise Duffield-Thomas
https://feed.podbean.com/jjoyce1027/feed.xml,Attention to Detail: The Classical Music Listening Guide
https://feed.podbean.com/podcast.superfuntimetrivia.com/feed.xml,Super Fun Time Trivia
https://feed.podbean.com/smokingsectionpodcast/feed.xml,Smoking Section
https://feed.podbean.com/solarmaverick/feed.xml,Solar Maverick Podcast
https://feed.podbean.com/spotlightwithsandalina/feed.xml,Spotlight with Sandalina
https://feed.podbean.com/thedeliverynotepodcast/feed.xml,The Delivery Note Podcast
https://feeds.acast.com/public/shows/64cb8be4d6095c0011dd6f0c,Wrestling With the Champ
https://feeds.acast.com/public/shows/65ac80def653f800165c13fc,The Rose Garden Report: A Portland Trail Blazers and NBA Podcast
https://feeds.acast.com/public/shows/66a361b8d34ffa9141b184b4,It's Only Kids Football
https://feeds.acast.com/public/shows/66e1ebaaee3528273549e670,The Lizzy Jensen Show
https://feeds.acast.com/public/shows/67ff871eedf0112e5cc48317,"Findhorn, Nairn & Lossie Rivers Trust Podcast"
https://feeds.acast.com/public/shows/6932d996091aba0a6111efe2,The Hypnobirthing Podcast
https://feeds.acast.com/public/shows/6a8402de1ad8716bb68fae24,The Beanstalk : A Podcast for Gardeners
https://feeds.acast.com/public/shows/6a95760c0305125c63414e16,Women Under Pressure
https://feeds.acast.com/public/shows/6aa8eac7fca3d5c77b3c9d14,Rewrite the Score
https://feeds.acast.com/public/shows/6abccc6e8ec4e79ce6932cb0,The Becky and Cam Show
https://feeds.acast.com/public/shows/6ac043b45558f9dbe28a7392,Fagan and Friends
https://feeds.blubrry.com/feeds/3915082.xml,ReCurrent
https://feeds.captivate.fm/ambitiousandbalancedworkingmoms/,Ambitious and Balanced Working Moms
https://feeds.captivate.fm/animal-posse/,Animal Posse
https://feeds.captivate.fm/gyno-girl-presents-sdh/,"Gyno Girl Presents: Sex, Drugs & Hormones"
https://feeds.captivate.fm/object-stories-of-design/,Object: stories of design and craft
https://feeds.captivate.fm/run-intel/,Run Intel | The Marketing of Running
https://feeds.captivate.fm/the-b2b-playbook/,The B2B Playbook
https://feeds.captivate.fm/widows-bay/,Widow's Bay | Everything's Fine
https://feeds.cohostpodcasting.com/5qCIwAVY,Living Healthy Together
https://feeds.feedburner.com/IceAgeFarmer,Podcast | ice age farmer
https://feeds.feedburner.com/MichaelShayneTheGreatDetectivesOfOldTimeRadio,Michael Shayne Presented by the Great Detectives of Old Time Radio
https://feeds.feedburner.com/Register-ArchitectureLandscape,Register - Architecture & Landscape
https://feeds.feedburner.com/harvardbusiness/on-strategy,HBR On Strategy
https://feeds.fireside.fm/nextlevelchess/rss,NextLevelChess
https://feeds.ivoox.com/feed_fg_f1671665_filtro_1.xml,Te cuento a gotas
https://feeds.libsyn.com/631438/rss,25 Minutes in The Lutheran Confessions
https://feeds.megaphone.fm/JJW2464785932,The Ex-Man with Doc Coyle
https://feeds.megaphone.fm/PHL6734519814,Wrestling on the Spectrum
https://feeds.megaphone.fm/football-related,Football Related
https://feeds.megaphone.fm/jsunscrolled,Jewish Studies: Unscrolled
https://feeds.megaphone.fm/marketnews,The Daily Business & Finance Show
https://feeds.megaphone.fm/oddwomanout,Odd Woman Out
https://feeds.megaphone.fm/syracusebasketball,Inside Syracuse Basketball
https://feeds.podetize.com/rss/vCBw_ZAtKX,Growing Older with Gusto
https://feeds.redcircle.com/10437497-8f15-44cc-a2ee-5b9a947c88a1,The Ballot - A Wrestling Hall of Fame Podcast
https://feeds.redcircle.com/26c483c8-b001-4b4b-be4b-5156b5eacb25,Pillar To Post
https://feeds.redcircle.com/a9b2dcd3-056f-4771-a45c-257dfa7193fc,Social Proof Podcast
https://feeds.redcircle.com/b512aa89-dbaf-4144-8fd8-deec61efb10a,Tabletop Miniature Hobby Podcast
https://feeds.redcircle.com/d1e8a56a-fe20-4c1f-8d25-9aa41084c7fa,Ashes to Classics: A Silent Film Podcast
https://feeds.redcircle.com/ea2799f1-6fc4-4b54-a121-911f4694f349,SCP Podcast
https://feeds.simplecast.com/1baUQerq,Ron Spomer Outdoors
https://feeds.simplecast.com/3MRdUyP6,Costume Talk
https://feeds.simplecast.com/8d97jnFd,New Books in Law
https://feeds.simplecast.com/TQXpZyVE,The Integration Station
https://feeds.simplecast.com/gL2XNrMv,No Gimmies Podcast
https://feeds.simplecast.com/giehDFBk,Retro Handhelds Podcast
https://feeds.simplecast.com/vSN7lVjn,New Books in Philosophy
https://feeds.simplecast.com/w3YA3W2u,Strategic Air Command & Aerospace Museum
https://feeds.transistor.fm/first-show,We Went Fast
https://feeds.transistor.fm/rabbi-moshe-chumash-rashi,Chumash Rashi
https://feeds.transistor.fm/restored-leader,Restored Leader
https://feeds.transistor.fm/the-blooming-garden,The Blooming Garden
https://feeds.transistor.fm/the-cfo-playbook-32cbe0c0-56bf-4e2e-b15f-f74ed41d905a,The CFO Playbook
https://feeds.transistor.fm/the-foundations-of-chassidus-with-rav-shlomo-katz,The Foundations of Chassidus with Rav Shlomo Katz
https://feeds.transistor.fm/weird-science-marvel-comics,Weird Science Marvel Comics Weekly Review Shows
https://livingjoyfully.ca/feed/podcast/,Exploring Unschooling
https://mantra-meditation.podcaster.de/mantra-meditation-anleitung-podcast.rss,Mantra-Meditation Anleitung Podcast
https://media.rss.com/awwa-podcast-armenian-voices/feed.xml,AWWA Podcast: Armenian Voices
https://media.rss.com/ayman-abdel-rahim/feed.xml,م. أيمن عبد الرحيم
https://media.rss.com/colour/feed.xml,Colour and Ceramics
https://media.rss.com/don-t-scare-the-newbies/feed.xml,Don’t Scare the Newbies!
https://media.rss.com/escape-will-make-me-pod/feed.xml,Escape Will Make Me Pod
https://media.rss.com/no-gimmies-podcast/feed.xml,No Gimmies Golf Podcast
https://media.rss.com/roster-report/feed.xml,Roster Report
https://media.rss.com/scream-queen-podcast/feed.xml,Scream Queen Podcast
https://praudiodrama.podomatic.com/rss2.xml,Power Rangers: The Audio Drama
https://roaringelephant.org/feed/podcast/,Roaring Elephant
https://rss.amperwave.net/v2/feed/audacynetwork/asking-for-a-friend,Lauren Conrad: Asking for a Friend
https://rss.art19.com/people-pleasers,People Pleasers
https://rss.art19.com/the-victor-davis-hanson-show,The Victor Davis Hanson Show
https://rss.buzzsprout.com/1076974.rss,Today's Episode
https://rss.buzzsprout.com/1153790.rss,Warfare of Art & Law Podcast
https://rss.buzzsprout.com/1164746.rss,"Tiempo, Clima y Tierra"
https://rss.buzzsprout.com/1276979.rss,Tay To Z: A Taylor Swift Podcast
https://rss.buzzsprout.com/144447.rss,The Spotlight Series
https://rss.buzzsprout.com/1519972.rss,The Costume Plot
https://rss.buzzsprout.com/1549696.rss,Rabbi Allouche
https://rss.buzzsprout.com/1679629.rss,Mash The Gas
https://rss.buzzsprout.com/1737354.rss,ARE Study Guide Podcast
https://rss.buzzsprout.com/1737384.rss,Gut Feelings - by The Crohn's & Colitis Dietitians
https://rss.buzzsprout.com/1768759.rss,Alicyn's Wonderland
https://rss.buzzsprout.com/1863290.rss,Shnayim Yomi
https://rss.buzzsprout.com/1966725.rss,"Rock & Roll Nuggets - The Myths, the Legends & the Lore"
https://rss.buzzsprout.com/2017323.rss,Hikes and Mics Podcast
https://rss.buzzsprout.com/2060238.rss,Light Pollution News
https://rss.buzzsprout.com/2073008.rss,1-800-BJJ-HELP
https://rss.buzzsprout.com/2084450.rss,Speaking of Women's Health
https://rss.buzzsprout.com/2157068.rss,Artists Among Us
https://rss.buzzsprout.com/2235957.rss,Erotic Stories by Krystine
https://rss.buzzsprout.com/2240959.rss,The Rabbitry Center Podcast
https://rss.buzzsprout.com/2354237.rss,Creator CEO
https://rss.buzzsprout.com/2375019.rss,Brutal Film Girl Experiment
https://rss.buzzsprout.com/2396881.rss,Operation Game Night
https://rss.buzzsprout.com/2423592.rss,A Soul Grows in Israel
https://rss.buzzsprout.com/2500389.rss,Danielle To You 's Podcast
https://rss.buzzsprout.com/2532430.rss,"Mashups, Sped Ups & More Podcast by djmauricionyc"
https://rss.buzzsprout.com/2544408.rss,Under the Hood
https://rss.buzzsprout.com/2567636.rss,Faithful and Fruitful
https://rss.buzzsprout.com/2606006.rss,Yesterday in AI
https://rss.buzzsprout.com/2625764.rss,That Love Podcast
https://rss.buzzsprout.com/2629069.rss,Birding by Ear with the Master Birders Academy
https://rss.buzzsprout.com/2652308.rss,Elevate with Purpose 314
https://rss.buzzsprout.com/2655403.rss,OK SO: Say More
https://rss.buzzsprout.com/555001.rss,The Jasmine Star Show
https://rss.libsyn.com/shows/100435/destinations/528457.xml,Feeling Good Podcast | TEAM-CBT - The New Mood Therapy
https://rss.libsyn.com/shows/107541/destinations/582970.xml,Good Girls Get Rich by Karen Yankovich
https://rss.libsyn.com/shows/131305/destinations/799640.xml,Janus Descending
https://rss.libsyn.com/shows/155210/destinations/1009478.xml,HVAC Masters of the Hustle
https://rss.libsyn.com/shows/244505/destinations/1832759.xml,The Columbus Moving Picture Show Podcast
https://rss.libsyn.com/shows/316637/destinations/2553065.xml,Golden Truths: An Umineko Podcast
https://rss.libsyn.com/shows/383603/destinations/3154772.xml,JUNKYARD WISDOM PODCAST
https://rss.libsyn.com/shows/47030/destinations/157519.xml,The Star Wars Underworld Podcast
https://rss.libsyn.com/shows/491390/destinations/4196249.xml,The Inner Carnivore Podcast
https://rss.libsyn.com/shows/593495/destinations/5157980.xml,Eggplant Presents: A Year of UFO 50 (encore feed)
https://rss.libsyn.com/shows/594400/destinations/5166590.xml,HRX NeXt Podcast
https://rss.libsyn.com/shows/623145/destinations/5483350.xml,Inside Sauce
https://rss.libsyn.com/shows/626550/destinations/5518505.xml,VTA Courtside
https://rss.pdrl.fm/737001/feeds.libsyn.com/591320/rss/?redirect=false,Denzel Washington Motivational Speech
https://rss.qurancentral.com/muhammad-zarami.rss,Muhammad Zarami
https://rss2.flightcast.com/wkt56a82hm065adwwpyleyxs.xml,The Long Game | Dr Alex
https://sufisanctuary.podomatic.com/rss2.xml,Sufi Sanctuary Podcast
https://video-api.shdsvc.dowjones.io/api/podcasts/feed/wsj%20leadership%20institute%20leaders,WSJ Leadership Institute Presents: Leaders
https://wanderingdp.com/feed/podcast/,The Wandering DP Podcast
https://wgu.hosted.panopto.com/Panopto/Podcast/Podcast.ashx?courseid=4894f08a-e817-483c-98b0-aba7011b4010&type=mp3,American Politics and the US Constitution Podcast
https://www.arch.columbia.edu/constructing-practice/feed,Constructing Practice
https://www.conferencesforwomen.org/feed/podcast/,Women Amplified
https://www.inklestudios.com/kaleidoscope/feed.xml,Game Narrative Kaleidoscope Podcast
https://www.koreanclass101.com/wp-feed-audio-video.php,Learn Korean | KoreanClass101.com
https://www.mp3quran.net/podcast/ayyub.rss,القارئ محمد أيوب - رواية حفص عن عاصم -  Mohammed Ayyub - Rewayat Hafs A'n Assem |
https://www.omnycontent.com/d/playlist/2446592a-b80e-4d28-a4fd-ae4c0140ac11/6cb4c0d8-acf4-498b-b985-aeaa0110a555/87daf642-0a42-4138-86ba-aeaa0110a571/podcast.rss,Biotopía
https://www.omnycontent.com/d/playlist/6448c854-680b-440e-9f7c-a9dd007afaf1/d60a732c-6246-4205-8bf3-a9dd0081cf2b/a3670fc3-8125-46c3-b3ba-acb4010d7f06/podcast.rss,Dogs with Jobs
https://www.omnycontent.com/d/playlist/e73c998e-6e60-432f-8610-ae210140c5b1/3081510e-1047-4952-bde7-b38a0066c9ee/f778ce1c-7b71-4395-b73c-b38a0066cdf9/podcast.rss,Riverfront Territory: A Cincinnati Reds Podcast
https://www.omnycontent.com/d/playlist/e73c998e-6e60-432f-8610-ae210140c5b1/646b044d-7e9f-4738-b575-b2340148e421/ce902229-070a-412c-8b40-b2340148e5c2/podcast.rss,Wide Open with Ashlyn Harris
https://www.omnycontent.com/d/playlist/e73c998e-6e60-432f-8610-ae210140c5b1/7efe60f7-71ee-42f1-8fbe-b4cc01387653/2917f3f5-64aa-42b5-92be-b4cc01387aa5/podcast.rss,"Love, Lately with Loren LoRosa"
https://www.omnycontent.com/d/playlist/e73c998e-6e60-432f-8610-ae210140c5b1/d1ea2d79-4f1a-4421-b14c-b4d500fad777/b197990b-d510-4f62-a9a2-b4d500fadbda/podcast.rss,Think Like An Economist
https://www.spreaker.com/show/6128867/episodes/feed,سعيد الكملي ،العفاسي، آية وحكاية 3
https://www.spreaker.com/show/6782872/episodes/feed,The Big Story|Old Time Radio Mysteries
https://www.spreaker.com/show/7418990/episodes/feed,How I Got the Call Up
https://www.ximalaya.com/album/115785005.xml,帕斯诺尔游戏科学实验室
https://www.ximalaya.com/album/125213123.xml,CLEC168轻松聊投资-中国大陆
https://www.ximalaya.com/album/51454516.xml,枕边女友｜午夜陪伴｜耳语呢喃 温柔ASMR助眠治愈
https://yalepodcasts.blubrry.net/category/yale_institute_sacred_music/feed/podcast/,Yale Institute of Sacred Music
